{
  "builder_name": "code_search_net",
  "citation": "@article{husain2019codesearchnet,\n    title={{CodeSearchNet} challenge: Evaluating the state of semantic code search},\n    author={Husain, Hamel and Wu, Ho-Hsiang and Gazit, Tiferet and Allamanis, Miltiadis and Brockschmidt, Marc},\n    journal={arXiv preprint arXiv:1909.09436},\n    year={2019}\n}\n",
  "config_name": "java",
  "dataset_size": 1554005444,
  "description": "CodeSearchNet corpus contains about 6 million functions from open-source code spanning six programming languages (Go, Java, JavaScript, PHP, Python, and Ruby). The CodeSearchNet Corpus also contains automatically generated query-like natural language for 2 million functions, obtained from mechanically scraping and preprocessing associated function documentation.\n",
  "download_checksums": {
    "data/java.zip": {
      "num_bytes": 1060569153,
      "checksum": null
    }
  },
  "download_size": 1060569153,
  "features": {
    "func_code_string": {
      "dtype": "string",
      "_type": "Value"
    },
    "label": {
      "dtype": "int64",
      "_type": "Value"
    },
    "query": {
      "dtype": "string",
      "_type": "Value"
    },
    "text": {
      "dtype": "string",
      "_type": "Value"
    }
  },
  "homepage": "https://github.com/github/CodeSearchNet",
  "license": "Various",
  "size_in_bytes": 2614574597,
  "splits": {
    "train": {
      "name": "train",
      "num_bytes": 1429270143,
      "num_examples": 454451,
      "shard_lengths": [
        152000,
        161000,
        141451
      ],
      "dataset_name": "code_search_net"
    },
    "test": {
      "name": "test",
      "num_bytes": 82377090,
      "num_examples": 26909,
      "dataset_name": "code_search_net"
    },
    "validation": {
      "name": "validation",
      "num_bytes": 42358211,
      "num_examples": 15328,
      "dataset_name": "code_search_net"
    }
  },
  "version": {
    "version_str": "1.0.0",
    "description": "Add CodeSearchNet corpus dataset",
    "major": 1,
    "minor": 0,
    "patch": 0
  }
}